id,category,type,difficulty,update_required,question,choice_1,choice_2,choice_3,choice_4,answer_index_0based,answer,explanation,source_ids,source_titles,source_urls
EHIME-001,県土・市町・地域区分,single_choice,basic,False,愛媛県の現在の市町数として正しいものはどれか。,10市10町,11市9町,12市8町,13市7町,1,11市9町,愛媛県は現在、11市9町の20市町で構成されている。,S01,愛媛県庁「県内市町情報」,https://www.pref.ehime.jp/page/14990.html
EHIME-002,県土・市町・地域区分,single_choice,basic,False,愛媛県の地域区分として県が示している3区分の組合せはどれか。,東予・中予・南予,北予・中予・南予,東部・中央・西部,山予・海予・島予,0,東予・中予・南予,県は東部の東予、中央部の中予、南西部の南予の3地域に分けている。,S01,愛媛県庁「県内市町情報」,https://www.pref.ehime.jp/page/14990.html
EHIME-003,県土・市町・地域区分,single_choice,basic,False,次のうち、東予地域に含まれる市町の組合せとして正しいものはどれか。,今治市・新居浜市・西条市・四国中央市・上島町,松山市・伊予市・東温市・松前町・砥部町,宇和島市・八幡浜市・大洲市・西予市・愛南町,今治市・松山市・西予市・内子町・上島町,0,今治市・新居浜市・西条市・四国中央市・上島町,東予は今治市、新居浜市、西条市、四国中央市、上島町で構成される。,S01,愛媛県庁「県内市町情報」,https://www.pref.ehime.jp/page/14990.html
EHIME-004,県土・市町・地域区分,single_choice,basic,False,次のうち、中予地域に含まれる市町の組合せとして正しいものはどれか。,今治市・新居浜市・西条市・四国中央市・上島町,松山市・伊予市・東温市・久万高原町・松前町・砥部町,宇和島市・八幡浜市・大洲市・西予市・内子町,松山市・今治市・西条市・伊予市・東温市,1,松山市・伊予市・東温市・久万高原町・松前町・砥部町,中予は松山市、伊予市、東温市、久万高原町、松前町、砥部町で構成される。,S01,愛媛県庁「県内市町情報」,https://www.pref.ehime.jp/page/14990.html
EHIME-005,県土・市町・地域区分,single_choice,basic,False,次のうち、南予地域に含まれる市町の組合せとして正しいものはどれか。,宇和島市・八幡浜市・大洲市・西予市・内子町・伊方町・松野町・鬼北町・愛南町,松山市・伊予市・東温市・久万高原町・松前町・砥部町,今治市・新居浜市・西条市・四国中央市・上島町,大洲市・西条市・東温市・伊方町・愛南町,0,宇和島市・八幡浜市・大洲市・西予市・内子町・伊方町・松野町・鬼北町・愛南町,南予は宇和島市、八幡浜市、大洲市、西予市、内子町、伊方町、松野町、鬼北町、愛南町で構成される。,S01,愛媛県庁「県内市町情報」,https://www.pref.ehime.jp/page/14990.html
EHIME-006,県土・市町・地域区分,single_choice,basic,True,令和7年10月1日現在の愛媛県の面積として正しいものはどれか。,"約3,760平方キロメートル","約5,676平方キロメートル","約7,255平方キロメートル","約9,600平方キロメートル",1,"約5,676平方キロメートル","令和7年10月1日現在の愛媛県の面積は5,675.82平方キロメートルである。",S03,愛媛県庁「全国都道府県市区町村別面積調」,https://www.pref.ehime.jp/page/3009.html
EHIME-007,県土・市町・地域区分,single_choice,standard,True,令和7年10月1日現在の愛媛県の面積の全国順位として正しいものはどれか。,第16位,第21位,第26位,第36位,2,第26位,愛媛県の面積は全国第26位である。,S03,愛媛県庁「全国都道府県市区町村別面積調」,https://www.pref.ehime.jp/page/3009.html
EHIME-008,県土・市町・地域区分,single_choice,basic,False,愛媛県にある石鎚山の標高として正しいものはどれか。,"1,382m","1,582m","1,982m","2,282m",2,"1,982m","石鎚山は標高1,982mで、近畿以西の西日本最高峰とされている。",S05,愛媛県庁「愛媛の水事情 1.地勢と気候」,https://www.pref.ehime.jp/page/5050.html
EHIME-009,県土・市町・地域区分,single_choice,standard,False,愛媛県の海岸線について正しいものはどれか。,約170kmで全国第35位,約700kmで全国第15位,"約1,700kmで全国第5位","約3,000kmで全国第1位",2,"約1,700kmで全国第5位","愛媛県の海岸線は約1,700kmに及び、全国第5位とされている。",S04,愛媛県「第1章 愛媛を取り巻く環境の現状」,https://www.pref.ehime.jp/uploaded/attachment/173901.pdf
EHIME-010,県土・市町・地域区分,single_choice,standard,False,愛媛県の地形について、県資料の説明として最も適切なものはどれか。,県全域が平野で、山地はほとんどない,中央構造線を境に、北側に瀬戸内海沿いの平野、南側に四国山地等が広がる,県北部は日本海に面している,佐田岬半島以南は砂丘海岸が主体である,1,中央構造線を境に、北側に瀬戸内海沿いの平野、南側に四国山地等が広がる,県資料では、中央構造線を境に北側に瀬戸内海沿いの平野、南側に四国山地や四国カルストが広がると説明されている。,S04,愛媛県「第1章 愛媛を取り巻く環境の現状」,https://www.pref.ehime.jp/uploaded/attachment/173901.pdf
EHIME-011,県土・市町・地域区分,single_choice,standard,False,佐田岬半島から南の宇和海沿岸の地形として、県資料に示されている特徴はどれか。,遠浅の砂浜海岸,リアス海岸,氷河地形,干拓平野,1,リアス海岸,県資料では、佐田岬半島から南の宇和海沿岸は入り江の多いリアス海岸とされている。,S04,愛媛県「第1章 愛媛を取り巻く環境の現状」,https://www.pref.ehime.jp/uploaded/attachment/173901.pdf
EHIME-012,県土・市町・地域区分,single_choice,standard,False,平成の市町村合併前、平成11年3月31日現在の愛媛県内市町村数として正しいものはどれか。,30,50,70,90,2,70,平成11年3月31日現在で70あった市町村が合併により再編され、現在の20市町となった。,S01,愛媛県庁「県内市町情報」,https://www.pref.ehime.jp/page/14990.html
EHIME-013,人口・統計,single_choice,basic,True,令和8年4月1日現在の愛媛県の推計人口として正しいものはどれか。,"1,048,018人","1,248,018人","1,448,018人","1,648,018人",1,"1,248,018人","令和8年4月1日現在の愛媛県の総人口は1,248,018人である。",S02,愛媛県庁「愛媛県推計人口」,https://www.pref.ehime.jp/page/3340.html
EHIME-014,人口・統計,single_choice,standard,True,令和8年4月1日現在の愛媛県の世帯数として正しいものはどれか。,"399,177世帯","499,177世帯","599,177世帯","699,177世帯",2,"599,177世帯","令和8年4月1日現在の世帯数は599,177世帯である。",S02,愛媛県庁「愛媛県推計人口」,https://www.pref.ehime.jp/page/3340.html
EHIME-015,人口・統計,single_choice,standard,True,令和8年4月1日現在の愛媛県の人口は前月比でどうなったか。,"4,358人増加","4,358人減少",343人減少,変化なし,1,"4,358人減少","総人口は前月に比べ4,358人減少した。",S02,愛媛県庁「愛媛県推計人口」,https://www.pref.ehime.jp/page/3340.html
EHIME-016,人口・統計,single_choice,standard,True,令和8年4月1日現在の人口動態で、自然動態の内訳として正しいものはどれか。,"出生1,688人、死亡464人","出生464人、死亡1,688人","出生7,258人、死亡10,392人","出生10,392人、死亡7,258人",1,"出生464人、死亡1,688人","自然動態は出生数464人、死亡数1,688人で、1,224人の減少である。",S02,愛媛県庁「愛媛県推計人口」,https://www.pref.ehime.jp/page/3340.html
EHIME-017,人口・統計,single_choice,standard,True,令和8年4月1日現在の人口動態で、社会動態の内訳として正しいものはどれか。,"転入7,258人、転出10,392人","転入10,392人、転出7,258人","転入464人、転出1,688人","転入1,688人、転出464人",0,"転入7,258人、転出10,392人","社会動態は転入数7,258人、転出数10,392人で、3,134人の減少である。",S02,愛媛県庁「愛媛県推計人口」,https://www.pref.ehime.jp/page/3340.html
EHIME-018,人口・統計,single_choice,basic,False,人口統計で「自然動態」が意味するものとして最も適切なものはどれか。,出生と死亡による人口増減,転入と転出による人口増減,就職と退職による人口増減,婚姻と離婚による人口増減,0,出生と死亡による人口増減,県の推計人口では、出生数と死亡数を自然動態として整理している。,S02,愛媛県庁「愛媛県推計人口」,https://www.pref.ehime.jp/page/3340.html
EHIME-019,人口・統計,single_choice,basic,False,人口統計で「社会動態」が意味するものとして最も適切なものはどれか。,出生と死亡による人口増減,転入と転出による人口増減,入学と卒業による人口増減,納税者数の増減,1,転入と転出による人口増減,県の推計人口では、転入数と転出数を社会動態として整理している。,S02,愛媛県庁「愛媛県推計人口」,https://www.pref.ehime.jp/page/3340.html
EHIME-020,人口・統計,single_choice,standard,True,令和2年国勢調査における愛媛県の総人口として正しいものはどれか。,"1,034,841人","1,334,841人","1,634,841人","1,934,841人",1,"1,334,841人","令和2年国勢調査による愛媛県の総人口は1,334,841人である。",S04,愛媛県「第1章 愛媛を取り巻く環境の現状」,https://www.pref.ehime.jp/uploaded/attachment/173901.pdf
EHIME-021,人口・統計,single_choice,standard,True,令和2年国勢調査における愛媛県の総人口の全国順位として正しいものはどれか。,第8位,第18位,第28位,第38位,2,第28位,令和2年国勢調査による総人口は全国第28位とされている。,S04,愛媛県「第1章 愛媛を取り巻く環境の現状」,https://www.pref.ehime.jp/uploaded/attachment/173901.pdf
EHIME-022,人口・統計,single_choice,advanced,True,令和4年度の愛媛県の県内総生産（名目）として、県の主要指標に示されている値はどれか。,"1兆1,381億円","3兆1,381億円","5兆1,381億円","9兆1,381億円",2,"5兆1,381億円","県主要指標では、令和4年度の県内総生産（名目）は5兆1,381億円とされている。",S06,愛媛県庁「えひめの指標」,https://www.pref.ehime.jp/page/35503.html
EHIME-023,産業・経済,single_choice,standard,True,2023年中の愛媛県の製造品出荷額等として正しいものはどれか。,"1兆5,931億円","3兆5,931億円","5兆5,931億円","7兆5,931億円",2,"5兆5,931億円","2023年中の製造品出荷額等は5兆5,931億円である。",S07,愛媛県「2024年経済構造実態調査（製造業）の愛媛県分結果の要約」,https://www.pref.ehime.jp/uploaded/attachment/161947.pdf
EHIME-024,産業・経済,single_choice,standard,True,2023年中の愛媛県の製造品出荷額等の全国順位として正しいものはどれか。,第14位,第24位,第34位,第44位,1,第24位,2023年中の製造品出荷額等は全国第24位である。,S07,愛媛県「2024年経済構造実態調査（製造業）の愛媛県分結果の要約」,https://www.pref.ehime.jp/uploaded/attachment/161947.pdf
EHIME-025,産業・経済,single_choice,standard,True,2023年中の愛媛県の製造品出荷額等で、産業別構成比が最も高い産業はどれか。,非鉄金属,食料品,繊維,電気機械,0,非鉄金属,"製造品出荷額等の産業別構成比では、非鉄金属が1兆4,641億円、26.2％で最も高い。",S07,愛媛県「2024年経済構造実態調査（製造業）の愛媛県分結果の要約」,https://www.pref.ehime.jp/uploaded/attachment/161947.pdf
EHIME-026,産業・経済,single_choice,standard,True,2023年中の愛媛県の製造品出荷額等で、非鉄金属に次いで構成比が高い産業はどれか。,石油石炭,木材,家具,印刷,0,石油石炭,"非鉄金属に次いで、石油石炭が7,529億円、13.5％である。",S07,愛媛県「2024年経済構造実態調査（製造業）の愛媛県分結果の要約」,https://www.pref.ehime.jp/uploaded/attachment/161947.pdf
EHIME-027,産業・経済,single_choice,standard,True,2023年中の愛媛県の製造品出荷額等で、構成比上位4産業の組合せとして正しいものはどれか。,非鉄金属・石油石炭・パルプ紙・輸送用機械,食料品・飲料・家具・印刷,繊維・革製品・家具・玩具,医薬品・精密機械・ゴム・出版,0,非鉄金属・石油石炭・パルプ紙・輸送用機械,上位4産業は非鉄金属、石油石炭、パルプ紙、輸送用機械で、全体の6割弱を占める。,S07,愛媛県「2024年経済構造実態調査（製造業）の愛媛県分結果の要約」,https://www.pref.ehime.jp/uploaded/attachment/161947.pdf
EHIME-028,産業・経済,single_choice,advanced,True,2023年中の愛媛県の製造品出荷額等で、従業者規模別の構成比が最も高い区分はどれか。,1～9人,30～99人,100～299人,300人以上,3,300人以上,従業者規模別では、300人以上が3兆250億円、54.1％で最も高い。,S07,愛媛県「2024年経済構造実態調査（製造業）の愛媛県分結果の要約」,https://www.pref.ehime.jp/uploaded/attachment/161947.pdf
EHIME-029,産業・経済,single_choice,advanced,True,2023年中の愛媛県の製造業従業者数で、従業者規模別構成比が最も高い区分はどれか。,1～9人,30～99人,100～299人,300人以上,1,30～99人,"従業者数の規模別構成比では、30～99人が22,493人、27.6％で最も高い。",S07,愛媛県「2024年経済構造実態調査（製造業）の愛媛県分結果の要約」,https://www.pref.ehime.jp/uploaded/attachment/161947.pdf
EHIME-030,産業・経済,single_choice,advanced,True,2023年中の愛媛県の製造業付加価値額として正しいものはどれか。,"2,975億円","5,975億円","9,975億円","1兆9,975億円",2,"9,975億円","2023年中の付加価値額は9,975億円である。",S07,愛媛県「2024年経済構造実態調査（製造業）の愛媛県分結果の要約」,https://www.pref.ehime.jp/uploaded/attachment/161947.pdf
EHIME-031,産業・経済,single_choice,advanced,True,2023年中の愛媛県の製造業付加価値額で、産業別構成比が最も高い産業はどれか。,パルプ紙,非鉄金属,食料品,繊維,0,パルプ紙,"付加価値額の産業別構成比では、パルプ紙が1,462億円、14.7％で最も高い。",S07,愛媛県「2024年経済構造実態調査（製造業）の愛媛県分結果の要約」,https://www.pref.ehime.jp/uploaded/attachment/161947.pdf
EHIME-032,産業・経済,single_choice,basic,False,県の資料で、今治市の代表的な産業として示されている組合せに最も近いものはどれか。,造船・海運・タオル,石油化学・陶磁器・酒造,紙・水産加工・医薬品,半導体・映画・ワイン,0,造船・海運・タオル,県の資料では、今治市は造船、海運、タオルの町として説明されている。,S38,愛媛県「東予の歴史文化情報冊子：えひめの東に、でかけよう」,https://www.pref.ehime.jp/uploaded/attachment/57212.pdf
EHIME-033,産業・経済,single_choice,basic,False,県の資料で、四国中央市の代表的な産業として示されているものはどれか。,紙産業,織物産業,映画産業,航空機産業,0,紙産業,県資料では、四国中央市は紙産業の集積地として紹介されている。,S38,愛媛県「東予の歴史文化情報冊子：えひめの東に、でかけよう」,https://www.pref.ehime.jp/uploaded/attachment/57212.pdf
EHIME-034,産業・経済,single_choice,advanced,True,県の主要指標で、令和3年6月1日時点の事業所数（公務を除く）として示されている値はどれか。,"21,527事業所","41,527事業所","61,527事業所","81,527事業所",2,"61,527事業所","県主要指標では、令和3年6月1日時点の事業所数（公務を除く）は61,527事業所とされている。",S06,愛媛県庁「えひめの指標」,https://www.pref.ehime.jp/page/35503.html
EHIME-035,農林水産,single_choice,standard,True,令和5年の愛媛県の農業産出額として正しいものはどれか。,495億円,895億円,"1,295億円","2,295億円",2,"1,295億円","令和5年の愛媛県の農業産出額は1,295億円である。",S08,愛媛県「愛媛農業の動向 令和7年度版 Ⅱ農業」,https://www.pref.ehime.jp/uploaded/attachment/156936.pdf
EHIME-036,農林水産,single_choice,standard,True,令和5年の愛媛県農業産出額のうち、構成比が最も高い作物等区分はどれか。,果実,米,野菜,畜産,0,果実,作物別構成比では、果実が42.5％で第1位である。,S08,愛媛県「愛媛農業の動向 令和7年度版 Ⅱ農業」,https://www.pref.ehime.jp/uploaded/attachment/156936.pdf
EHIME-037,農林水産,single_choice,standard,True,令和5年の愛媛県農業産出額のうち、果実の産出額として正しいものはどれか。,150億円,350億円,550億円,750億円,2,550億円,"農業産出額1,295億円のうち果実は550億円である。",S08,愛媛県「愛媛農業の動向 令和7年度版 Ⅱ農業」,https://www.pref.ehime.jp/uploaded/attachment/156936.pdf
EHIME-038,農林水産,single_choice,advanced,True,令和5年の愛媛県農業産出額における構成比として正しいものはどれか。,果実42.5％、畜産23.2％、野菜15.8％、米10.7％,米42.5％、果実23.2％、畜産15.8％、野菜10.7％,野菜42.5％、米23.2％、果実15.8％、畜産10.7％,畜産42.5％、野菜23.2％、米15.8％、果実10.7％,0,果実42.5％、畜産23.2％、野菜15.8％、米10.7％,県資料では、果実42.5％、畜産23.2％、野菜15.8％、米10.7％の順である。,S08,愛媛県「愛媛農業の動向 令和7年度版 Ⅱ農業」,https://www.pref.ehime.jp/uploaded/attachment/156936.pdf
EHIME-039,農林水産,single_choice,basic,False,愛媛県農業の特徴として、県資料に照らして最も適切なものはどれか。,果実、とくにかんきつに特化した生産状況にある,米のみで農業産出額の大半を占める,畜産は行われていない,果樹栽培はほとんどない,0,果実、とくにかんきつに特化した生産状況にある,県資料では、果実、特にかんきつに特化した生産状況にあると説明されている。,S08,愛媛県「愛媛農業の動向 令和7年度版 Ⅱ農業」,https://www.pref.ehime.jp/uploaded/attachment/156936.pdf
EHIME-040,農林水産,single_choice,advanced,True,令和2年の愛媛県の基幹的農業従事者数として正しいものはどれか。,"8,654人","18,654人","28,654人","48,654人",2,"28,654人","令和2年の基幹的農業従事者数は28,654人である。",S08,愛媛県「愛媛農業の動向 令和7年度版 Ⅱ農業」,https://www.pref.ehime.jp/uploaded/attachment/156936.pdf
EHIME-041,農林水産,single_choice,advanced,True,令和2年の愛媛県の基幹的農業従事者に占める65歳以上の割合として正しいものはどれか。,34.0％,54.0％,74.0％,94.0％,2,74.0％,令和2年の基幹的農業従事者に占める65歳以上の割合は74.0％である。,S08,愛媛県「愛媛農業の動向 令和7年度版 Ⅱ農業」,https://www.pref.ehime.jp/uploaded/attachment/156936.pdf
EHIME-042,農林水産,single_choice,basic,True,愛媛県の裸麦について、県資料に示されている地位として正しいものはどれか。,全国一,全国二位,全国三位,生産なし,0,全国一,県資料では、裸麦は全国一とされている。,S08|S10,愛媛県「愛媛農業の動向 令和7年度版 Ⅱ農業」|愛媛県庁「愛媛のふるさと自慢」,https://www.pref.ehime.jp/uploaded/attachment/156936.pdf|https://www.pref.ehime.jp/page/4533.html
EHIME-043,農林水産,single_choice,basic,True,愛媛県の令和5年産キウイフルーツ生産量の全国順位として、県資料に示されているものはどれか。,1位,2位,3位,4位,0,1位,愛媛県のキウイフルーツは令和5年で全国1位と示されている。,S10,愛媛県庁「愛媛のふるさと自慢」,https://www.pref.ehime.jp/page/4533.html
EHIME-044,農林水産,single_choice,standard,True,愛媛県の令和5年産温州みかん生産量の全国順位として、県資料に示されているものはどれか。,1位,2位,3位,4位,1,2位,県資料では、令和5年産温州みかんは全国2位と示されている。,S10,愛媛県庁「愛媛のふるさと自慢」,https://www.pref.ehime.jp/page/4533.html
EHIME-045,農林水産,single_choice,basic,True,愛媛県の令和4年産いよかん生産量の全国順位として、県資料に示されているものはどれか。,1位,2位,3位,4位,0,1位,県資料では、令和4年産いよかんは全国1位と示されている。,S10,愛媛県庁「愛媛のふるさと自慢」,https://www.pref.ehime.jp/page/4533.html
EHIME-046,農林水産,single_choice,standard,True,愛媛県のかんきつ類の品目数について、県資料に示されている内容として正しいものはどれか。,42品目で日本一,20品目で全国5位,10品目で全国10位,品目数は公表されていない,0,42品目で日本一,県資料では、かんきつ類の品目数は42品目で日本一とされている。,S09,愛媛県庁「かんきつ類の統計」,https://www.pref.ehime.jp/page/11418.html
EHIME-047,農林水産,single_choice,standard,False,愛媛県が開発した「紅まどんな」の品種名として正しいものはどれか。,愛媛果試第28号,愛媛果試第38号,愛媛果試第48号,愛媛果試第58号,0,愛媛果試第28号,県資料では、紅まどんなは愛媛果試第28号として示されている。,S08|S09,愛媛県「愛媛農業の動向 令和7年度版 Ⅱ農業」|愛媛県庁「かんきつ類の統計」,https://www.pref.ehime.jp/uploaded/attachment/156936.pdf|https://www.pref.ehime.jp/page/11418.html
EHIME-048,農林水産,single_choice,standard,False,愛媛県が開発した「紅プリンセス」の品種名として正しいものはどれか。,愛媛果試第18号,愛媛果試第28号,愛媛果試第38号,愛媛果試第48号,3,愛媛果試第48号,県資料では、紅プリンセスは愛媛果試第48号として示されている。,S08|S09,愛媛県「愛媛農業の動向 令和7年度版 Ⅱ農業」|愛媛県庁「かんきつ類の統計」,https://www.pref.ehime.jp/uploaded/attachment/156936.pdf|https://www.pref.ehime.jp/page/11418.html
EHIME-049,農林水産,single_choice,advanced,True,令和5年の愛媛県の木材生産量（素材・丸太）として正しいものはどれか。,20.0万立方メートル,40.0万立方メートル,60.0万立方メートル,100.0万立方メートル,2,60.0万立方メートル,令和5年の素材（丸太）生産量は60.0万立方メートルである。,S11,愛媛県「愛媛農業の動向 令和7年度版 Ⅲ林業」,https://www.pref.ehime.jp/uploaded/attachment/156937.pdf
EHIME-050,農林水産,single_choice,standard,True,令和5年の愛媛県のヒノキ素材生産量の全国順位として正しいものはどれか。,1位,2位,5位,12位,1,2位,令和5年の素材生産量は全国12位、そのうちヒノキは全国2位である。,S11,愛媛県「愛媛農業の動向 令和7年度版 Ⅲ林業」,https://www.pref.ehime.jp/uploaded/attachment/156937.pdf
EHIME-051,農林水産,single_choice,standard,True,令和5年の愛媛県の乾しいたけ生産量と全国順位として正しいものはどれか。,10トン・全国14位,50トン・全国8位,100トン・全国4位,500トン・全国1位,2,100トン・全国4位,令和5年の乾しいたけ生産量は100トンで全国4位である。,S11,愛媛県「愛媛農業の動向 令和7年度版 Ⅲ林業」,https://www.pref.ehime.jp/uploaded/attachment/156937.pdf
EHIME-052,農林水産,single_choice,standard,True,令和5年の愛媛県の海面漁船漁業・養殖業の生産量と全国順位として正しいものはどれか。,"13,657トン・全国16位","136,571トン・全国6位","236,571トン・全国1位","1,086トン・全国3位",1,"136,571トン・全国6位","令和5年の海面における漁船漁業・養殖業の生産量は136,571トンで全国6位である。",S12,愛媛県「愛媛農業の動向 令和7年度版 Ⅳ水産業」,https://www.pref.ehime.jp/uploaded/attachment/156938.pdf
EHIME-053,農林水産,single_choice,standard,True,令和5年の愛媛県の漁船漁業・養殖業の産出額と全国順位として正しいものはどれか。,108億円・全国13位,486億円・全国8位,"1,086億円・全国3位","5,086億円・全国1位",2,"1,086億円・全国3位","令和5年の漁船漁業・養殖業の産出額は1,086億円で全国3位である。",S12,愛媛県「愛媛農業の動向 令和7年度版 Ⅳ水産業」,https://www.pref.ehime.jp/uploaded/attachment/156938.pdf
EHIME-054,農林水産,single_choice,standard,True,令和5年の愛媛県の養殖業生産量の全国順位として正しいものはどれか。,全国1位,全国4位,全国10位,全国32位,1,全国4位,養殖業の生産量は全国4位である。,S12,愛媛県「愛媛農業の動向 令和7年度版 Ⅳ水産業」,https://www.pref.ehime.jp/uploaded/attachment/156938.pdf
EHIME-055,農林水産,single_choice,standard,True,県資料で、宇和海を中心に営まれ、生産量が全国1位とされている組合せはどれか。,マダイ・シマアジ・真珠母貝,サケ・ホタテ・ワカメ,マグロ・カツオ・サンマ,ノリ・アサリ・ウナギ,0,マダイ・シマアジ・真珠母貝,宇和海を中心に、マダイ、シマアジ、真珠母貝の生産量が全国1位とされている。,S12,愛媛県「愛媛農業の動向 令和7年度版 Ⅳ水産業」,https://www.pref.ehime.jp/uploaded/attachment/156938.pdf
EHIME-056,農林水産,single_choice,standard,True,県資料で、愛媛県の生産量が全国2位とされている組合せはどれか。,真珠・ブリ類,サケ・ホタテ,アサリ・シジミ,サンマ・イワシ,0,真珠・ブリ類,真珠及びブリ類の生産量は全国2位とされている。,S12,愛媛県「愛媛農業の動向 令和7年度版 Ⅳ水産業」,https://www.pref.ehime.jp/uploaded/attachment/156938.pdf
EHIME-057,農林水産,single_choice,basic,False,「愛育フィッシュ」の説明として最も適切なものはどれか。,愛媛県産養殖魚の品質や安全・安心をPRするための愛称,愛媛県産米のブランド名,県産木材の認証名,県内公共交通ICカードの名称,0,愛媛県産養殖魚の品質や安全・安心をPRするための愛称,「愛育フィッシュ」は、本県産養殖魚のイメージアップと品質・安全安心をPRするための愛称である。,S13,愛媛県庁「水産王国えひめ」,https://www.pref.ehime.jp/h37100/suisan_okoku_ehime/
EHIME-058,観光・文化,single_choice,standard,True,令和6年の愛媛県の観光消費額として、県資料に示されている値はどれか。,526億円,726億円,926億円,"1,326億円",2,926億円,令和6年実績の観光消費額は926億円である。,S14,愛媛県「令和6年度観光振興施策実施状況報告書」,https://www.pref.ehime.jp/uploaded/attachment/160188.pdf
EHIME-059,観光・文化,single_choice,standard,True,令和6年の愛媛県の観光入込客数（総数）として、県資料に示されている値はどれか。,"13,042千人","23,042千人","33,042千人","43,042千人",1,"23,042千人","令和6年実績の観光入込客数（総数）は23,042千人である。",S14,愛媛県「令和6年度観光振興施策実施状況報告書」,https://www.pref.ehime.jp/uploaded/attachment/160188.pdf
EHIME-060,観光・文化,single_choice,standard,True,令和6年の愛媛県の延べ宿泊客数として、県資料に示されている値はどれか。,"1,373千人","2,373千人","4,373千人","8,373千人",2,"4,373千人","令和6年実績の延べ宿泊客数は4,373千人である。",S14,愛媛県「令和6年度観光振興施策実施状況報告書」,https://www.pref.ehime.jp/uploaded/attachment/160188.pdf
EHIME-061,観光・文化,single_choice,standard,True,令和6年の愛媛県の外国人延べ宿泊客数として、県資料に示されている値はどれか。,45千人,152千人,452千人,952千人,2,452千人,令和6年実績の外国人延べ宿泊客数は452千人である。,S14,愛媛県「令和6年度観光振興施策実施状況報告書」,https://www.pref.ehime.jp/uploaded/attachment/160188.pdf
EHIME-062,観光・文化,single_choice,advanced,True,令和6年の愛媛県の外国人延べ宿泊客数について、第3期観光振興基本計画の令和9年目標430千人との関係として正しいものはどれか。,目標を下回った,目標と同数だった,目標を上回った,目標値は設定されていない,2,目標を上回った,令和6年実績452千人は、令和9年目標430千人を上回っている。,S14|S15,愛媛県「令和6年度観光振興施策実施状況報告書」|愛媛県「第3期愛媛県観光振興基本計画」,https://www.pref.ehime.jp/uploaded/attachment/160188.pdf|https://www.pref.ehime.jp/uploaded/life/68717_85460_misc.pdf
EHIME-063,観光・文化,single_choice,standard,True,第3期愛媛県観光振興基本計画の令和9年目標として、観光消費額に設定されている値はどれか。,350億円,850億円,"1,350億円","2,350億円",2,"1,350億円","第3期計画の観光消費額目標は1,350億円である。",S14|S15,愛媛県「令和6年度観光振興施策実施状況報告書」|愛媛県「第3期愛媛県観光振興基本計画」,https://www.pref.ehime.jp/uploaded/attachment/160188.pdf|https://www.pref.ehime.jp/uploaded/life/68717_85460_misc.pdf
EHIME-064,観光・文化,single_choice,standard,True,第3期愛媛県観光振興基本計画の令和9年目標として、延べ宿泊客数に設定されている値はどれか。,"3,500千人","4,500千人","5,500千人","6,500千人",2,"5,500千人","第3期計画の延べ宿泊客数目標は5,500千人である。",S14|S15,愛媛県「令和6年度観光振興施策実施状況報告書」|愛媛県「第3期愛媛県観光振興基本計画」,https://www.pref.ehime.jp/uploaded/attachment/160188.pdf|https://www.pref.ehime.jp/uploaded/life/68717_85460_misc.pdf
EHIME-065,観光・文化,single_choice,basic,False,道後温泉本館について、県資料に照らして正しいものはどれか。,国指定重要文化財である,県庁舎として使われている,平成以降に新築された施設である,宇和島市に所在する,0,国指定重要文化財である,県の文化財紹介では、道後温泉本館は国指定重要文化財として紹介されている。,S16,愛媛県庁「文化財の魅力」,https://www.pref.ehime.jp/site/ehimenotakara/138756.html
EHIME-066,観光・文化,single_choice,standard,False,道後温泉本館の建築年として、県資料に示されているものはどれか。,明治7年（1874年）,明治27年（1894年）,大正7年（1918年）,昭和27年（1952年）,1,明治27年（1894年）,県資料では、道後温泉本館は明治27年（1894年）に建築されたと紹介されている。,S16,愛媛県庁「文化財の魅力」,https://www.pref.ehime.jp/site/ehimenotakara/138756.html
EHIME-067,観光・文化,single_choice,basic,False,松山城と宇和島城について、県教育委員会資料に照らして正しいものはどれか。,どちらも現存12天守に数えられ、国の重要文化財に指定されている,どちらも平成に建てられた復元天守である,松山城のみが現存12天守で、宇和島城は復元天守である,どちらも県指定文化財ではない,0,どちらも現存12天守に数えられ、国の重要文化財に指定されている,宇和島城および松山城は現存12天守に数えられ、それぞれ国の重要文化財に指定されている。,S17,愛媛県教育委員会「文化財クイズ 初級編」,https://www.pref.ehime.jp/img/site/bunkazai/quiz/quiz-beginner.html
EHIME-068,観光・文化,single_choice,basic,False,県教育委員会の文化財クイズによると、愛媛県内の四国八十八箇所札所の数は何か。,6か寺,16か寺,26か寺,36か寺,2,26か寺,愛媛県には四国四県最多の26か寺の札所があるとされている。,S18,愛媛県教育委員会「文化財クイズ 中級編」,https://www.pref.ehime.jp/img/site/bunkazai/quiz/quiz-intermediate.html
EHIME-069,観光・文化,single_choice,standard,False,大山祇神社の国宝「紺絲威鎧（兜、大袖付）」の所在地として正しいものはどこか。,今治市大三島町宮浦,松山市一番町,宇和島市丸之内,四国中央市川之江町,0,今治市大三島町宮浦,県の文化財データベースでは、所在地は今治市大三島町宮浦、所有者は大山祇神社とされている。,S19,愛媛県庁「紺絲威鎧（兜、大袖付）」,https://www.pref.ehime.jp/ehimenotakara/162.html
EHIME-070,観光・文化,single_choice,basic,False,県資料「愛媛のふるさと自慢」で、日本最大の武具館として紹介されている施設はどれか。,大山祇神社国宝館,愛媛県美術館,坂の上の雲ミュージアム,宇和島市立伊達博物館,0,大山祇神社国宝館,大山祇神社国宝館は、日本最大の武具館として紹介されている。,S10,愛媛県庁「愛媛のふるさと自慢」,https://www.pref.ehime.jp/page/4533.html
EHIME-071,観光・文化,single_choice,basic,False,県資料「愛媛のふるさと自慢」で、日本最古の現役道路可動橋として紹介されているものはどれか。,来島海峡大橋,長浜大橋,多々羅大橋,重信大橋,1,長浜大橋,長浜大橋は日本最古の現役道路可動橋として紹介されている。,S10,愛媛県庁「愛媛のふるさと自慢」,https://www.pref.ehime.jp/page/4533.html
EHIME-072,防災・環境,single_choice,basic,False,愛媛県地域防災計画の根拠法令として正しいものはどれか。,災害対策基本法第40条,地方自治法第1条,都市計画法第4条,農地法第3条,0,災害対策基本法第40条,県地域防災計画は、災害対策基本法第40条の規定により定めるものとされている。,S20,愛媛県庁「地域防災計画（風水害・地震・津波災害対策編）」,https://www.pref.ehime.jp/page/18092.html
EHIME-073,防災・環境,single_choice,basic,False,愛媛県地域防災計画の目的として、県資料に照らして最も適切なものはどれか。,県民の生命、身体及び財産を災害から保護するため、防災対策の大綱を定める,観光客数の増加だけを目的にする,県税収入の増加だけを目的にする,公共工事の発注手順だけを定める,0,県民の生命、身体及び財産を災害から保護するため、防災対策の大綱を定める,地域防災計画は、県民の生命、身体及び財産を災害から保護するため、防災対策の大綱を定めるもの。,S20,愛媛県庁「地域防災計画（風水害・地震・津波災害対策編）」,https://www.pref.ehime.jp/page/18092.html
EHIME-074,防災・環境,single_choice,basic,False,南海トラフ地震防災対策推進地域について、愛媛県内の対象として正しいものはどれか。,県内全市町,松山市のみ,南予地域のみ,沿岸市町のみ,0,県内全市町,南海トラフ地震防災対策推進地域は県内全市町である。,S21,愛媛県庁「南海トラフ地震防災対策計画の作成」,https://www.pref.ehime.jp/page/18096.html
EHIME-075,防災・環境,single_choice,advanced,False,南海トラフ地震防災対策計画の作成義務について、県資料に照らして最も適切なものはどれか。,推進地域内の関係事業者は、津波から利用客や従業員等を守るため、津波避難計画等を定めた対策計画の作成・届出が義務付けられる,すべての県民が毎年県庁へ個人避難計画を提出する,県庁職員だけが対象で民間事業者は対象外,計画作成は法律と無関係で任意である,0,推進地域内の関係事業者は、津波から利用客や従業員等を守るため、津波避難計画等を定めた対策計画の作成・届出が義務付けられる,南海トラフ特措法に基づき、推進地域内の関係事業者は対策計画の作成・届出が義務付けられている。,S21,愛媛県庁「南海トラフ地震防災対策計画の作成」,https://www.pref.ehime.jp/page/18096.html
EHIME-076,防災・環境,single_choice,standard,False,平成30年7月豪雨災害で、県資料が示す主な被害地域として正しいものはどれか。,南予地域を中心に県下各地,東予地域のみに限定,松山市中心部のみに限定,県外のみ,0,南予地域を中心に県下各地,平成30年7月豪雨では、南予地域を中心に県下各地で甚大な被害が発生した。,S22,愛媛県「平成30年7月豪雨災害における初動・応急対応に関する検証報告書」,https://www.pref.ehime.jp/uploaded/attachment/122384.pdf
EHIME-077,防災・環境,single_choice,standard,False,平成30年7月豪雨災害について、県検証報告書に示されている災害による死者数はどれか。,7名,17名,27名,47名,2,27名,検証報告書では、災害による死者が27名とされている。,S22,愛媛県「平成30年7月豪雨災害における初動・応急対応に関する検証報告書」,https://www.pref.ehime.jp/uploaded/attachment/122384.pdf
EHIME-078,防災・環境,single_choice,standard,False,平成30年7月豪雨災害について、県検証報告書に示されている災害関連死の人数はどれか。,0名,5名,15名,25名,1,5名,検証報告書では、避難生活中の体調不良による災害関連死が5名とされている。,S22,愛媛県「平成30年7月豪雨災害における初動・応急対応に関する検証報告書」,https://www.pref.ehime.jp/uploaded/attachment/122384.pdf
EHIME-079,防災・環境,single_choice,advanced,False,平成30年7月豪雨災害で、県検証報告書に示されている住家被害の合計として正しいものはどれか。,619戸,"1,619戸","6,619戸","16,619戸",2,"6,619戸","全壊、半壊、床上・床下浸水を加えると住家被害は6,619戸とされている。",S22,愛媛県「平成30年7月豪雨災害における初動・応急対応に関する検証報告書」,https://www.pref.ehime.jp/uploaded/attachment/122384.pdf
EHIME-080,防災・環境,single_choice,advanced,True,令和8年公表の愛媛県地震被害想定調査で、想定対象とされている地震の組合せとして正しいものはどれか。,南海トラフ巨大地震、安芸灘～伊予灘～豊後水道のプレート内地震、中央構造線断層帯の地震,関東地震、十勝沖地震、三陸沖地震,富士山噴火、阿蘇山噴火、雲仙岳噴火,台風、豪雪、干ばつ,0,南海トラフ巨大地震、安芸灘～伊予灘～豊後水道のプレート内地震、中央構造線断層帯の地震,令和8年公表の見直しでは、南海トラフ巨大地震、安芸灘～伊予灘～豊後水道のプレート内地震、中央構造線断層帯の地震について想定を行っている。,S23,愛媛県庁「愛媛県地震被害想定調査結果について」,https://www.pref.ehime.jp/page/135020.html
EHIME-081,防災・環境,single_choice,standard,False,愛媛県津波浸水想定の説明として正しいものはどれか。,最大クラスの津波が悪条件下で発生した場合の浸水域と浸水深を表したもの,通常時の潮位だけを表したもの,河川の水質だけを表したもの,避難所の収容人数だけを表したもの,0,最大クラスの津波が悪条件下で発生した場合の浸水域と浸水深を表したもの,津波浸水想定は、最大クラスの津波が悪条件下で発生した場合に想定される浸水域と浸水深を表す。,S24,愛媛県「愛媛県津波浸水想定（南海トラフ巨大地震）」,https://www.pref.ehime.jp/uploaded/attachment/157900.pdf
EHIME-082,防災・環境,single_choice,standard,False,愛媛県地球温暖化対策実行計画の長期目標として正しいものはどれか。,2050年に温室効果ガス排出量実質ゼロの脱炭素社会,2030年に人口200万人,2040年に全道路無料化,2050年に県内全域を工業専用地域化,0,2050年に温室効果ガス排出量実質ゼロの脱炭素社会,長期目標として、2050年に温室効果ガス排出量実質ゼロの脱炭素社会を掲げている。,S25,愛媛県「第3章 地球温暖化対策の推進」,https://www.pref.ehime.jp/uploaded/attachment/173903.pdf
EHIME-083,防災・環境,single_choice,standard,True,愛媛県地球温暖化対策実行計画の中期目標として、県資料に示されているものはどれか。,2030年度までに2013年度比46％削減,2030年度までに2013年度比10％削減,2050年度までに2013年度比5％削減,削減目標は設定していない,0,2030年度までに2013年度比46％削減,中期目標として、国目標と同様に2013年度比46％削減を掲げている。,S25,愛媛県「第3章 地球温暖化対策の推進」,https://www.pref.ehime.jp/uploaded/attachment/173903.pdf
EHIME-084,防災・環境,single_choice,advanced,True,県資料によると、令和3年現在の愛媛県の再生可能エネルギー設備導入量のうち約80％を占めるものはどれか。,太陽光発電設備,地熱発電設備,洋上風力発電設備,水素発電設備,0,太陽光発電設備,再生可能エネルギー設備導入量の約80％が太陽光発電設備とされている。,S39,愛媛県庁「愛媛県地球温暖化対策実行計画（改定素案）の概要」,https://www.pref.ehime.jp/page/51567.html
EHIME-085,防災・環境,single_choice,standard,True,第四次えひめ環境基本計画について、県資料に照らして正しいものはどれか。,第三次計画の期間終了を受け、2030年に向けた新たな環境課題に対応するため策定された,県立高校再編のみを扱う計画である,道路整備だけを扱う計画である,観光PRだけを扱う計画である,0,第三次計画の期間終了を受け、2030年に向けた新たな環境課題に対応するため策定された,第四次えひめ環境基本計画は、第三次計画の期間終了を受け、2030年に向けて新たな環境課題に対応できるよう策定された。,S26,愛媛県「第四次えひめ環境基本計画」,https://www.pref.ehime.jp/uploaded/attachment/131794.pdf
EHIME-086,県政・行政運営,single_choice,basic,False,愛媛県総合計画「未来につなぐ えひめチャレンジプラン」の計画期間として正しいものはどれか。,令和3年度から令和6年度まで,令和5年度から令和8年度まで,令和8年度から令和12年度まで,令和10年度から令和14年度まで,1,令和5年度から令和8年度まで,総合計画の計画期間は令和5（2023）年度から令和8（2026）年度までの4年間である。,S27|S28,愛媛県庁「愛媛県総合計画 未来につなぐえひめチャレンジプラン（案）の概要」|愛媛県「愛媛県総合計画 未来につなぐえひめチャレンジプラン」,https://www.pref.ehime.jp/page/7399.html|https://www.pref.ehime.jp/uploaded/life/62062_81660_misc.pdf
EHIME-087,県政・行政運営,single_choice,basic,False,愛媛県総合計画の基本理念として正しいものはどれか。,愛のくに 愛顔あふれる愛媛県,水のくに 笑顔あふれる愛媛県,紙のくに 元気あふれる愛媛県,しまのくに 未来あふれる愛媛県,0,愛のくに 愛顔あふれる愛媛県,総合計画の基本理念は「愛のくに 愛顔あふれる愛媛県」である。,S27|S28,愛媛県庁「愛媛県総合計画 未来につなぐえひめチャレンジプラン（案）の概要」|愛媛県「愛媛県総合計画 未来につなぐえひめチャレンジプラン」,https://www.pref.ehime.jp/page/7399.html|https://www.pref.ehime.jp/uploaded/life/62062_81660_misc.pdf
EHIME-088,県政・行政運営,single_choice,standard,False,愛媛県総合計画が示す2040年頃の目指すべき将来像として最も適切なものはどれか。,若者をはじめ、県民誰もが自らの希望を実現でき、安全・安心で豊かな人生を送れる持続可能な愛媛県,観光客だけが便利に過ごせる愛媛県,製造業だけに特化した愛媛県,行政サービスをすべて廃止した愛媛県,0,若者をはじめ、県民誰もが自らの希望を実現でき、安全・安心で豊かな人生を送れる持続可能な愛媛県,総合計画は、若者をはじめ県民誰もが希望を実現でき、安全・安心で豊かな人生を送れる持続可能な愛媛県を将来像として掲げている。,S27|S28,愛媛県庁「愛媛県総合計画 未来につなぐえひめチャレンジプラン（案）の概要」|愛媛県「愛媛県総合計画 未来につなぐえひめチャレンジプラン」,https://www.pref.ehime.jp/page/7399.html|https://www.pref.ehime.jp/uploaded/life/62062_81660_misc.pdf
EHIME-089,県政・行政運営,single_choice,standard,False,愛媛県総合計画の政策横断的な視点の組合せとして正しいものはどれか。,人口減少を見据えた視点・デジタル化の視点・SDGs推進の視点,観光だけの視点・道路だけの視点・施設だけの視点,財政支出拡大の視点・人口増加固定の視点・紙文書化の視点,県外移転の視点・縮小廃止の視点・単年度完結の視点,0,人口減少を見据えた視点・デジタル化の視点・SDGs推進の視点,総合計画は政策横断的な視点として、人口減少、デジタル化、SDGs推進を掲げている。,S27,愛媛県庁「愛媛県総合計画 未来につなぐえひめチャレンジプラン（案）の概要」,https://www.pref.ehime.jp/page/7399.html
EHIME-090,県政・行政運営,single_choice,standard,False,愛媛県総合計画の分野別計画の区分として正しいものはどれか。,人・経済・暮らし,農業・工業・商業のみ,東予・中予・南予のみ,歳入・歳出・基金のみ,0,人・経済・暮らし,総合計画は「人」「経済」「暮らし」の3分野ごとに区分されている。,S27,愛媛県庁「愛媛県総合計画 未来につなぐえひめチャレンジプラン（案）の概要」,https://www.pref.ehime.jp/page/7399.html
EHIME-091,県政・行政運営,single_choice,advanced,False,愛媛県総合計画の分野別計画について、県資料に示されている施策体系として正しいものはどれか。,9政策・37施策体系,3政策・9施策体系,20政策・100施策体系,1政策・5施策体系,0,9政策・37施策体系,分野別計画は9政策・37施策体系に区分されている。,S27,愛媛県庁「愛媛県総合計画 未来につなぐえひめチャレンジプラン（案）の概要」,https://www.pref.ehime.jp/page/7399.html
EHIME-092,県政・行政運営,single_choice,standard,True,令和8年度当初予算案の重点施策として、県資料に示されている4項目の組合せはどれか。,人口減少対策、DX・官民共創の推進、防災・減災対策、地域経済の活性化,観光だけ、道路だけ、農業だけ、教育だけ,歳入増加、歳出削減、基金廃止、県債廃止,県外移転、庁舎閉鎖、制度廃止、研修廃止,0,人口減少対策、DX・官民共創の推進、防災・減災対策、地域経済の活性化,令和8年度当初予算案では、人口減少対策、DX・官民共創の推進、防災・減災対策、地域経済の活性化の4つを重点施策としている。,S30,愛媛県「令和8年度当初予算（案）の概要」,https://www.pref.ehime.jp/uploaded/attachment/170544.pdf
EHIME-093,県政・行政運営,single_choice,advanced,True,令和8年度当初予算案の重点施策「人口減少対策」の予算額として、県資料に示されているものはどれか。,"5億5,364万円","22億5,364万円","52億5,364万円","152億5,364万円",2,"52億5,364万円","令和8年度当初予算案では、人口減少対策に52億5,364万円を計上している。",S30,愛媛県「令和8年度当初予算（案）の概要」,https://www.pref.ehime.jp/uploaded/attachment/170544.pdf
EHIME-094,県政・行政運営,single_choice,advanced,True,令和8年度当初予算案における「えひめ人口減少対策総合交付金交付事業費」として、県資料に示されている額はどれか。,"2億1,234万円",21億234万円,"52億5,364万円",210億234万円,1,21億234万円,市町の実情に応じた取組を後押しする事業として21億234万円が示されている。,S30,愛媛県「令和8年度当初予算（案）の概要」,https://www.pref.ehime.jp/uploaded/attachment/170544.pdf
EHIME-095,県政・行政運営,single_choice,standard,True,令和8年度当初予算案の説明で、知事が「日本全国共通の最重要課題」と位置付けているものはどれか。,人口減少対策,県庁舎の色彩変更,職員名札の様式統一,道路標識の字体変更,0,人口減少対策,令和8年度当初予算案の記者発表で、人口減少対策は日本全国共通の最重要課題と位置付けられている。,S29,愛媛県庁「令和8年度当初予算案等に関する記者発表の要旨」,https://www.pref.ehime.jp/page/135778.html
EHIME-096,県政・行政運営,single_choice,standard,True,県庁新第二別館の整備目的として、県広報資料に照らして正しい組合せはどれか。,災害に強い庁舎建設、防災機能強化、官民共創、新しい働き方の推進,観光ホテル化、商業施設化、民間売却,本庁機能の全面廃止,農業試験場への用途転換,0,災害に強い庁舎建設、防災機能強化、官民共創、新しい働き方の推進,新第二別館は、災害に強い庁舎建設と防災機能強化に加え、官民共創と新しい働き方の推進をねらいとしている。,S31,愛媛県庁「愛顔のえひめ（令和8年4月号）」,https://www.pref.ehime.jp/page/140858.html
EHIME-097,県政・行政運営,single_choice,basic,True,令和8年度ステージアップ研修「官民共創講座」の研修手引で、受付場所として示されている官民共創拠点の名称はどれか。,E:N BASE,DOGO BASE,MATSUKEN BASE,SETONA BASE,0,E:N BASE,研修の手引では、受付場所として県庁第二別館 官民共創拠点「E:N BASE」が示されている。,S32,愛媛県「令和8年度ステージアップ研修 官民共創講座 研修の手引」,https://www.pref.ehime.jp/uploaded/attachment/173980.pdf
EHIME-098,医療・教育・交通,single_choice,standard,False,愛媛県地域医療構想の構想区域として示されている6区域の組合せはどれか。,宇摩、新居浜・西条、今治、松山、八幡浜・大洲、宇和島,東予、中予、南予、松山、今治、宇和島,松山、今治、新居浜、西条、大洲、八幡浜のみ,県内全域を1区域のみ,0,宇摩、新居浜・西条、今治、松山、八幡浜・大洲、宇和島,地域医療構想では、二次医療圏と同じ区域として6つの構想区域を設定している。,S33,愛媛県「第12章 地域医療構想」,https://www.pref.ehime.jp/uploaded/attachment/110849.pdf
EHIME-099,医療・教育・交通,single_choice,basic,False,愛媛県教育振興に関する大綱（令和5～8年度）が目指すものとして、県資料に示されている表現はどれか。,愛顔あふれる「教育立県えひめ」の実現,観光立県えひめだけの実現,県外教育移管の実現,教育計画の廃止,0,愛顔あふれる「教育立県えひめ」の実現,愛媛県は第3期の教育振興に関する大綱として、愛顔あふれる「教育立県えひめ」の実現を掲げている。,S34,愛媛県庁「愛媛県の教育」,https://www.pref.ehime.jp/page/10097.html
EHIME-100,医療・教育・交通,single_choice,standard,True,愛媛県地域公共交通計画の計画期間として正しいものはどれか。,令和6年6月から令和11年3月まで,令和5年4月から令和6年3月まで,令和8年4月から令和8年9月まで,令和10年1月から令和20年12月まで,0,令和6年6月から令和11年3月まで,愛媛県地域公共交通計画の計画期間は、令和6年6月から令和11年3月までである。,S35,愛媛県庁「愛媛県地域公共交通計画（案）の概要」,https://www.pref.ehime.jp/page/71333.html
